<?xml version="1.0" encoding="UTF-8"?>
<project-private xmlns="http://www.netbeans.org/ns/project-private/1">
    <editor-bookmarks xmlns="http://www.netbeans.org/ns/editor-bookmarks/2" lastBookmarkId="0"/>
    <open-files xmlns="http://www.netbeans.org/ns/projectui-open-files/2">
        <group>
            <file>file:/C:/Users/Micro/Documents/NetBeansProjects/Project11/src/DoctorHistory.java</file>
            <file>file:/C:/Users/Micro/Documents/NetBeansProjects/Project11/src/PatientHistory.java</file>
            <file>file:/C:/Users/Micro/Documents/NetBeansProjects/Project11/src/AddDoc.java</file>
            <file>file:/C:/Users/Micro/Documents/NetBeansProjects/Project11/src/DeleteMedicine.java</file>
            <file>file:/C:/Users/Micro/Documents/NetBeansProjects/Project11/src/ExchangeMedicine.java</file>
            <file>file:/C:/Users/Micro/Documents/NetBeansProjects/Project11/src/UpdatePatient.java</file>
            <file>file:/C:/Users/Micro/Documents/NetBeansProjects/Project11/src/DeletePatient.java</file>
            <file>file:/C:/Users/Micro/Documents/NetBeansProjects/Project11/src/DeleteDoctors.java</file>
            <file>file:/C:/Users/Micro/Documents/NetBeansProjects/Project11/src/Loginform.java</file>
            <file>file:/C:/Users/Micro/Documents/NetBeansProjects/Project11/src/UpdateDoctors.java</file>
            <file>file:/C:/Users/Micro/Documents/NetBeansProjects/Project11/src/AddPatient.java</file>
            <file>file:/C:/Users/Micro/Documents/NetBeansProjects/Project11/src/Welcome.java</file>
            <file>file:/C:/Users/Micro/Documents/NetBeansProjects/Project11/src/NewJFrame.java</file>
            <file>file:/C:/Users/Micro/Documents/NetBeansProjects/Project11/src/PharmacyHistory.java</file>
            <file>file:/C:/Users/Micro/Documents/NetBeansProjects/Project11/src/com/mycompany/project11/Project11.java</file>
            <file>file:/C:/Users/Micro/Documents/NetBeansProjects/Project11/src/AddMedicine.java</file>
        </group>
    </open-files>
</project-private>
